{
  "version": "2.0.0",
  "scrollSpeed": {
    "easy": 1,
    "hard": 1,
    "normal": 2
  },
  "events": [
    {
      "t": 0,
      "e": "FocusCamera",
      "v": {
	"duration": 4,
	"x": 0,
	"y": 0,
	"ease": "CLASSIC",
	"char": 1
}
    },
    {
      "t": 833.333333333333,
      "e": "FocusCamera",
      "v": {
	"duration": 4,
	"x": 0,
	"y": 0,
	"ease": "CLASSIC",
	"char": 0
}
    },
    {
      "t": 1666.66666666667,
      "e": "FocusCamera",
      "v": {
	"duration": 4,
	"x": 0,
	"y": 0,
	"ease": "CLASSIC",
	"char": 1
}
    }
  ],
  "notes": {
    "easy": [
      {
        "t": 416.666666666667,
        "d": 7,
        "l": 0,
        "p": [        ]
      },
      {
        "t": 520.833333333333,
        "d": 5,
        "l": 0,
        "p": [        ]
      },
      {
        "t": 625,
        "d": 4,
        "l": 0,
        "p": [        ]
      },
      {
        "t": 1250,
        "d": 7,
        "l": 0,
        "p": [        ]
      },
      {
        "t": 1354.16666666667,
        "d": 5,
        "l": 0,
        "p": [        ]
      },
      {
        "t": 1458.33333333333,
        "d": 4,
        "l": 0,
        "p": [        ]
      },
      {
        "t": 1875,
        "d": 6,
        "l": 0,
        "p": [        ]
      },
      {
        "t": 1979.16666666667,
        "d": 7,
        "l": 0,
        "p": [        ]
      },
      {
        "t": 2291.66666666667,
        "d": 5,
        "l": 0,
        "p": [        ]
      },
      {
        "t": 2395.83333333333,
        "d": 4,
        "l": 0,
        "p": [        ]
      },
      {
        "t": 2500,
        "d": 6,
        "l": 0,
        "p": [        ]
      },
      {
        "t": 2708.33333333333,
        "d": 7,
        "l": 0,
        "p": [        ]
      },
      {
        "t": 2916.66666666667,
        "d": 5,
        "l": 0,
        "p": [        ]
      },
      {
        "t": 3020.83333333333,
        "d": 6,
        "l": 0,
        "p": [        ]
      },
      {
        "t": 3125,
        "d": 7,
        "l": 0,
        "p": [        ]
      },
      {
        "t": 3229.16666666667,
        "d": 5,
        "l": 0,
        "p": [        ]
      }
    ],
    "hard": [    ],
    "normal": [
      {
        "t": 416.666666666667,
        "d": 6,
        "l": 0,
        "p": [        ]
      },
      {
        "t": 520.833333333333,
        "d": 7,
        "l": 0,
        "p": [        ]
      },
      {
        "t": 625,
        "d": 5,
        "l": 0,
        "p": [        ]
      },
      {
        "t": 1250,
        "d": 2,
        "l": 0,
        "p": [        ]
      },
      {
        "t": 1354.16666666667,
        "d": 3,
        "l": 0,
        "p": [        ]
      },
      {
        "t": 1458.33333333333,
        "d": 1,
        "l": 0,
        "p": [        ]
      },
      {
        "t": 1979.16666666667,
        "d": 4,
        "l": 0,
        "p": [        ]
      },
      {
        "t": 2291.66666666667,
        "d": 5,
        "l": 0,
        "p": [        ]
      },
      {
        "t": 2500,
        "d": 6,
        "l": 0,
        "p": [        ]
      },
      {
        "t": 2812.5,
        "d": 6,
        "l": 0,
        "p": [        ]
      },
      {
        "t": 2916.66666666667,
        "d": 4,
        "l": 0,
        "p": [        ]
      },
      {
        "t": 3020.83333333333,
        "d": 7,
        "l": 0,
        "p": [        ]
      },
      {
        "t": 3229.16666666667,
        "d": 5,
        "l": 104.166666666667,
        "p": [        ]
      },
      {
        "t": 3750,
        "d": 2,
        "l": 0,
        "p": [        ]
      },
      {
        "t": 4062.5,
        "d": 1,
        "l": 0,
        "p": [        ]
      },
      {
        "t": 4270.83333333333,
        "d": 3,
        "l": 0,
        "p": [        ]
      },
      {
        "t": 4583.33333333333,
        "d": 0,
        "l": 0,
        "p": [        ]
      },
      {
        "t": 4791.66666666667,
        "d": 3,
        "l": 0,
        "p": [        ]
      },
      {
        "t": 4895.83333333333,
        "d": 0,
        "l": 0,
        "p": [        ]
      },
      {
        "t": 5104.16666666667,
        "d": 2,
        "l": 0,
        "p": [        ]
      },
      {
        "t": 5416.66666666667,
        "d": 0,
        "l": 0,
        "p": [        ]
      },
      {
        "t": 5520.83333333333,
        "d": 2,
        "l": 0,
        "p": [        ]
      },
      {
        "t": 5729.16666666667,
        "d": 1,
        "l": 0,
        "p": [        ]
      }
    ]
  },
  "generatedBy": "Friday Night Funkin' - v0.7.3"
}