{
  "version": "2.2.4",
  "songName": "Quoicoubet",
  "artist": "soeur",
  "divisions": 96,
  "looped": false,
  "offsets": {
    "instrumental": 0,
    "altInstrumentals": {    },
    "vocals": {    },
    "altVocals": {    }
  },
  "playData": {
    "songVariations": [    ],
    "difficulties": [
      "easy",
      "normal",
      "hard"
    ],
    "characters": {
      "player": "soeur",
      "girlfriend": "gf",
      "opponent": "soeur",
      "instrumental": "",
      "altInstrumentals": [      ],
      "opponentVocals": [
        "dad"
      ],
      "playerVocals": [
        "bf"
      ]
    },
    "stage": "phillyTrainErect",
    "noteStyle": "funkin",
    "ratings": {
      "easy": 0,
      "hard": 0,
      "normal": 0
    },
    "previewStart": 0,
    "previewEnd": 0
  },
  "generatedBy": "Friday Night Funkin' - v0.7.3",
  "timeFormat": "ms",
  "timeChanges": [
    {
      "t": 0,
      "b": 0,
      "bpm": 144,
      "n": 4,
      "d": 4,
      "bt": [
        4,
        4,
        4,
        4
      ]
    }
  ]
}