<?xml version="1.0" encoding="UTF-8"?>
<!--
Created with Free texture packer v0.6.7 http://free-tex-packer.com
-->
<TextureAtlas imagePath="parents-xmas.png" width="1769" height="786">
  <SubTexture name="idle0003" x="8" y="8" width="427" height="370" frameX="-0" frameY="-11" frameWidth="431" frameHeight="381" />
  <SubTexture name="idle0005" x="451" y="8" width="428" height="373" frameX="-2" frameY="-8" frameWidth="431" frameHeight="381" />
  <SubTexture name="idle0001" x="895" y="8" width="427" height="378" frameX="-2" frameY="-3" frameWidth="431" frameHeight="381" />
  <SubTexture name="idle0007" x="1338" y="8" width="423" height="379" frameX="-8" frameY="-2" frameWidth="431" frameHeight="381" />
  <SubTexture name="idle0009" x="8" y="394" width="422" height="380" frameX="-9" frameY="-1" frameWidth="431" frameHeight="381" />
  <SubTexture name="idle0011" x="446" y="397" width="422" height="381" frameX="-9" frameY="-0" frameWidth="431" frameHeight="381" />
  <SubTexture name="idle0002" x="895" y="8" width="427" height="378" frameX="-2" frameY="-3" frameWidth="431" frameHeight="381" />
  <SubTexture name="idle0004" x="8" y="8" width="427" height="370" frameX="-0" frameY="-11" frameWidth="431" frameHeight="381" />
  <SubTexture name="idle0006" x="451" y="8" width="428" height="373" frameX="-2" frameY="-8" frameWidth="431" frameHeight="381" />
  <SubTexture name="idle0008" x="1338" y="8" width="423" height="379" frameX="-8" frameY="-2" frameWidth="431" frameHeight="381" />
  <SubTexture name="idle0010" x="8" y="394" width="422" height="380" frameX="-9" frameY="-1" frameWidth="431" frameHeight="381" />
  <SubTexture name="idle0012" x="446" y="397" width="422" height="381" frameX="-9" frameY="-0" frameWidth="431" frameHeight="381" />
  <SubTexture name="idle0013" x="446" y="397" width="422" height="381" frameX="-9" frameY="-0" frameWidth="431" frameHeight="381" />
  <SubTexture name="idle0014" x="446" y="397" width="422" height="381" frameX="-9" frameY="-0" frameWidth="431" frameHeight="381" />
</TextureAtlas>
