<?xml version="1.0" encoding="UTF-8"?>
<!--
Created with Free texture packer v0.6.7 http://free-tex-packer.com
-->
<TextureAtlas imagePath="spooky.png" width="1584" height="250">
  <SubTexture name="idle0007" x="8" y="8" width="236" height="169" rotated="true" frameX="-37" frameY="-24" frameWidth="234" frameHeight="261" />
  <SubTexture name="idle0005" x="260" y="8" width="230" height="171" rotated="true" frameX="-37" frameY="-29" frameWidth="234" frameHeight="261" />
  <SubTexture name="idle0003" x="506" y="8" width="257" height="181" rotated="true" frameX="-26" frameY="-4" frameWidth="234" frameHeight="261" />
  <SubTexture name="idle0001" x="779" y="8" width="261" height="182" rotated="true" frameX="-23" frameY="-0" frameWidth="234" frameHeight="261" />
  <SubTexture name="idle0011" x="1056" y="8" width="250" height="229" rotated="true" frameX="-3" frameY="-9" frameWidth="234" frameHeight="261" />
  <SubTexture name="idle0009" x="1322" y="8" width="254" height="234" rotated="true" frameX="-0" frameY="-7" frameWidth="234" frameHeight="261" />
  <SubTexture name="idle0002" x="779" y="8" width="261" height="182" rotated="true" frameX="-23" frameY="-0" frameWidth="234" frameHeight="261" />
  <SubTexture name="idle0004" x="506" y="8" width="257" height="181" rotated="true" frameX="-26" frameY="-4" frameWidth="234" frameHeight="261" />
  <SubTexture name="idle0006" x="260" y="8" width="230" height="171" rotated="true" frameX="-37" frameY="-29" frameWidth="234" frameHeight="261" />
  <SubTexture name="idle0013" x="260" y="8" width="230" height="171" rotated="true" frameX="-37" frameY="-29" frameWidth="234" frameHeight="261" />
  <SubTexture name="idle0014" x="260" y="8" width="230" height="171" rotated="true" frameX="-37" frameY="-29" frameWidth="234" frameHeight="261" />
  <SubTexture name="idle0008" x="8" y="8" width="236" height="169" rotated="true" frameX="-37" frameY="-24" frameWidth="234" frameHeight="261" />
  <SubTexture name="idle0015" x="8" y="8" width="236" height="169" rotated="true" frameX="-37" frameY="-24" frameWidth="234" frameHeight="261" />
  <SubTexture name="idle0016" x="8" y="8" width="236" height="169" rotated="true" frameX="-37" frameY="-24" frameWidth="234" frameHeight="261" />
  <SubTexture name="idle0010" x="1322" y="8" width="254" height="234" rotated="true" frameX="-0" frameY="-7" frameWidth="234" frameHeight="261" />
  <SubTexture name="idle0012" x="1056" y="8" width="250" height="229" rotated="true" frameX="-3" frameY="-9" frameWidth="234" frameHeight="261" />
</TextureAtlas>
