<?xml version='1.0' encoding='utf-8'?>
<TextureAtlas imagePath="Soeur.png">
<SubTexture name="Soeur down0000" x="8203" y="1098" width="1099" height="1065" frameX="-687" frameY="-955" frameWidth="2548" frameHeight="2610" />
<SubTexture name="Soeur down0001" x="0" y="7626" width="1274" height="1017" frameX="-643" frameY="-1000" frameWidth="2548" frameHeight="2610" />
<SubTexture name="Soeur down0002" x="7019" y="2259" width="1125" height="989" frameX="-661" frameY="-1028" frameWidth="2548" frameHeight="2610" />
<SubTexture name="Soeur down0003" x="8203" y="6166" width="1134" height="993" frameX="-660" frameY="-1024" frameWidth="2548" frameHeight="2610" />
<SubTexture name="Soeur down0004" x="8203" y="5170" width="1142" height="996" frameX="-660" frameY="-1021" frameWidth="2548" frameHeight="2610" />
<SubTexture name="Soeur down0005" x="8203" y="4171" width="1150" height="999" frameX="-660" frameY="-1018" frameWidth="2548" frameHeight="2610" />
<SubTexture name="Soeur down0006" x="8203" y="3168" width="1157" height="1003" frameX="-660" frameY="-1014" frameWidth="2548" frameHeight="2610" />
<SubTexture name="Soeur down0007" x="8203" y="2163" width="1164" height="1005" frameX="-660" frameY="-1012" frameWidth="2548" frameHeight="2610" />
<SubTexture name="Soeur idle0000" x="0" y="4009" width="991" height="1252" frameX="-747" frameY="-748" frameWidth="2548" frameHeight="2610" />
<SubTexture name="Soeur idle0001" x="4951" y="0" width="982" height="1255" frameX="-749" frameY="-746" frameWidth="2548" frameHeight="2610" />
<SubTexture name="Soeur idle0002" x="2811" y="2751" width="971" height="1256" frameX="-752" frameY="-745" frameWidth="2548" frameHeight="2610" />
<SubTexture name="Soeur idle0003" x="3782" y="2751" width="959" height="1256" frameX="-756" frameY="-745" frameWidth="2548" frameHeight="2610" />
<SubTexture name="Soeur idle0004" x="1862" y="2751" width="949" height="1257" frameX="-759" frameY="-744" frameWidth="2548" frameHeight="2610" />
<SubTexture name="Soeur idle0005" x="0" y="2751" width="937" height="1258" frameX="-763" frameY="-744" frameWidth="2548" frameHeight="2610" />
<SubTexture name="Soeur idle0006" x="937" y="2751" width="925" height="1258" frameX="-767" frameY="-744" frameWidth="2548" frameHeight="2610" />
<SubTexture name="Soeur idle0007" x="3850" y="1311" width="913" height="1259" frameX="-771" frameY="-743" frameWidth="2548" frameHeight="2610" />
<SubTexture name="Soeur idle0008" x="2807" y="1320" width="898" height="1259" frameX="-779" frameY="-743" frameWidth="2548" frameHeight="2610" />
<SubTexture name="Soeur idle0009" x="4951" y="1255" width="915" height="1252" frameX="-787" frameY="-749" frameWidth="2548" frameHeight="2610" />
<SubTexture name="Soeur idle0010" x="1982" y="4009" width="1004" height="1246" frameX="-752" frameY="-756" frameWidth="2548" frameHeight="2610" />
<SubTexture name="Soeur idle0011" x="4008" y="4009" width="1081" height="1239" frameX="-728" frameY="-763" frameWidth="2548" frameHeight="2610" />
<SubTexture name="Soeur idle0012" x="1216" y="5261" width="1144" height="1229" frameX="-716" frameY="-773" frameWidth="2548" frameHeight="2610" />
<SubTexture name="Soeur idle0013" x="5933" y="0" width="1086" height="1237" frameX="-722" frameY="-764" frameWidth="2548" frameHeight="2610" />
<SubTexture name="Soeur idle0014" x="2986" y="4009" width="1022" height="1245" frameX="-733" frameY="-756" frameWidth="2548" frameHeight="2610" />
<SubTexture name="Soeur idle0015" x="991" y="4009" width="991" height="1252" frameX="-747" frameY="-748" frameWidth="2548" frameHeight="2610" />
<SubTexture name="Soeur left0000" x="7019" y="1151" width="943" height="1108" frameX="-717" frameY="-888" frameWidth="2548" frameHeight="2610" />
<SubTexture name="Soeur left0001" x="0" y="5261" width="1216" height="1237" frameX="-457" frameY="-768" frameWidth="2548" frameHeight="2610" />
<SubTexture name="Soeur left0002" x="2360" y="5261" width="1177" height="1199" frameX="-493" frameY="-802" frameWidth="2548" frameHeight="2610" />
<SubTexture name="Soeur left0003" x="3537" y="5261" width="1155" height="1198" frameX="-515" frameY="-804" frameWidth="2548" frameHeight="2610" />
<SubTexture name="Soeur left0004" x="4692" y="5261" width="1131" height="1196" frameX="-539" frameY="-806" frameWidth="2548" frameHeight="2610" />
<SubTexture name="Soeur left0005" x="5823" y="5261" width="1103" height="1194" frameX="-567" frameY="-808" frameWidth="2548" frameHeight="2610" />
<SubTexture name="Soeur left0006" x="5933" y="2448" width="1079" height="1191" frameX="-591" frameY="-810" frameWidth="2548" frameHeight="2610" />
<SubTexture name="Soeur left0007" x="5933" y="3639" width="1082" height="1189" frameX="-587" frameY="-812" frameWidth="2548" frameHeight="2610" />
<SubTexture name="Soeur right0000" x="7019" y="0" width="1184" height="1151" frameX="-590" frameY="-853" frameWidth="2548" frameHeight="2610" />
<SubTexture name="Soeur right0001" x="0" y="6498" width="1276" height="1128" frameX="-689" frameY="-880" frameWidth="2548" frameHeight="2610" />
<SubTexture name="Soeur right0002" x="1276" y="6498" width="1228" height="1101" frameX="-680" frameY="-905" frameWidth="2548" frameHeight="2610" />
<SubTexture name="Soeur right0003" x="2504" y="6498" width="1222" height="1101" frameX="-686" frameY="-905" frameWidth="2548" frameHeight="2610" />
<SubTexture name="Soeur right0004" x="3726" y="6498" width="1216" height="1100" frameX="-692" frameY="-906" frameWidth="2548" frameHeight="2610" />
<SubTexture name="Soeur right0005" x="4942" y="6498" width="1208" height="1100" frameX="-700" frameY="-906" frameWidth="2548" frameHeight="2610" />
<SubTexture name="Soeur right0006" x="6150" y="6498" width="1200" height="1099" frameX="-708" frameY="-907" frameWidth="2548" frameHeight="2610" />
<SubTexture name="Soeur right0007" x="8203" y="0" width="1190" height="1098" frameX="-717" frameY="-908" frameWidth="2548" frameHeight="2610" />
<SubTexture name="Soeur up0000" x="5933" y="1237" width="1044" height="1211" frameX="-736" frameY="-799" frameWidth="2548" frameHeight="2610" />
<SubTexture name="Soeur up0001" x="0" y="0" width="950" height="1412" frameX="-763" frameY="-577" frameWidth="2548" frameHeight="2610" />
<SubTexture name="Soeur up0002" x="3850" y="0" width="1101" height="1311" frameX="-600" frameY="-709" frameWidth="2548" frameHeight="2610" />
<SubTexture name="Soeur up0003" x="2807" y="0" width="1043" height="1320" frameX="-658" frameY="-700" frameWidth="2548" frameHeight="2610" />
<SubTexture name="Soeur up0004" x="918" y="1412" width="975" height="1329" frameX="-725" frameY="-691" frameWidth="2548" frameHeight="2610" />
<SubTexture name="Soeur up0005" x="0" y="1412" width="918" height="1339" frameX="-782" frameY="-681" frameWidth="2548" frameHeight="2610" />
<SubTexture name="Soeur up0006" x="1882" y="0" width="925" height="1348" frameX="-774" frameY="-672" frameWidth="2548" frameHeight="2610" />
<SubTexture name="Soeur up0007" x="950" y="0" width="932" height="1357" frameX="-766" frameY="-663" frameWidth="2548" frameHeight="2610" />
</TextureAtlas>
