{
  "version": "1.0.0",
  "name": "Boyfriend Temple",
  "renderType": "multisparrow",
  "assetPath": "characters/BOYFRIEND",
  "flipX": true,
  "singTime": 8.0,
  "animations": [
    {
      "name": "idle",
      "prefix": "BF idle dance",
      "offsets": [-5, 0]
    },
    {
      "name": "singLEFT",
      "prefix": "BF NOTE LEFT0",
      "offsets": [12, -6]
    },
    {
      "name": "singDOWN",
      "prefix": "BF NOTE DOWN0",
      "offsets": [-10, -50]
    },
    {
      "name": "singUP",
      "prefix": "BF NOTE UP0",
      "offsets": [-29, 27]
    },
    {
      "name": "singRIGHT",
      "prefix": "BF NOTE RIGHT0",
      "offsets": [-38, -7]
    },
    {
      "name": "singLEFTmiss",
      "prefix": "BF NOTE LEFT MISS",
      "offsets": [12, 24]
    },
    {
      "name": "singDOWNmiss",
      "prefix": "BF NOTE DOWN MISS",
      "offsets": [-11, -19]
    },
    {
      "name": "singUPmiss",
      "prefix": "BF NOTE UP MISS",
      "offsets": [-29, 27]
    },
    {
      "name": "singRIGHTmiss",
      "prefix": "BF NOTE RIGHT MISS",
      "offsets": [-30, 21]
    },
    {
      "name": "preAttack",
      "prefix": "bf pre attack",
      "offsets": [0, 0]
    },
    {
      "name": "attack",
      "prefix": "boyfriend attack",
      "offsets": [0, 0]
    },
    {
      "name": "dodge",
      "prefix": "boyfriend dodge",
      "offsets": [0, 0]
    },
    {
      "name": "hey",
      "prefix": "BF HEY!!",
      "offsets": [7, 4]
    },
    {
      "name": "cheer",
      "prefix": "Cheer",
      "assetPath": "characters/BFCheer",
      "offsets": [0, 0]
    },
    {
      "name": "hit",
      "prefix": "BF hit",
      "assetPath": "characters/BOYFRIEND",
      "offsets": [0, 0]
    },
    {
      "name": "firstDeath",
      "prefix": "BF dies",
      "offsets": [-37, 11]
    },
    {
      "name": "fakeoutDeath",
      "prefix": "BF dies",
      "offsets": [-37, 11]
    },
    {
      "name": "deathLoop",
      "prefix": "BF Dead Loop",
      "looped": true,
      "offsets": [-37, 5]
    },
    {
      "name": "deathConfirm",
      "prefix": "BF Dead confirm",
      "offsets": [-37, 69]
    },
    {
      "name": "scared",
      "prefix": "BF idle shaking",
      "offsets": [-4, 0]
    }
  ]
}
