{
  "version": "1.0.0",
  "name": "Funkin'",
  "author": "PhantomArcade",
  "fallback": null,
  "assets": {
    "note": {
      "assetPath": "shared:notes",
      "scale": 1.0,
      "data": {
        "left": { "prefix": "noteLeft" },
        "down": { "prefix": "noteDown" },
        "up": { "prefix": "noteUp" },
        "right": { "prefix": "noteRight" }
      }
    },
    "noteStrumline": {
      "assetPath": "shared:noteStrumline",
      "scale": 1.55,
      "offsets": [0, 0],
      "data": {
        "leftStatic": { "prefix": "staticLeft0" },
        "leftPress": { "prefix": "pressLeft0" },
        "leftConfirm": { "prefix": "confirmLeft0" },
        "leftConfirmHold": { "prefix": "confirmLeft0" },
        "downStatic": { "prefix": "staticDown0" },
        "downPress": { "prefix": "pressDown0" },
        "downConfirm": { "prefix": "confirmDown0" },
        "downConfirmHold": { "prefix": "confirmDown0" },
        "upStatic": { "prefix": "staticUp0" },
        "upPress": { "prefix": "pressUp0" },
        "upConfirm": { "prefix": "confirmUp0" },
        "upConfirmHold": { "prefix": "confirmUp0" },
        "rightStatic": { "prefix": "staticRight0" },
        "rightPress": { "prefix": "pressRight0" },
        "rightConfirm": { "prefix": "confirmRight0" },
        "rightConfirmHold": { "prefix": "confirmRight0" }
      }
    },
    "holdNote": {
      "assetPath": "NOTE_hold_assets",
      "data": {}
    },
    "noteSplash": {
      "assetPath": "",
      "data": {
        "enabled": true
      }
    },
    "holdNoteCover": {
      "assetPath": "",
      "data": {
        "enabled": true
      }
    }
  }
}
